"","cat_a","cat_b","estado","canal","gec","lift"
"1","AGUA SIN GAS","NARANJADAS Y BEBIDAS","VDM NA","PUNTO DE VENTA TRADICIONAL","BRONCE",0.864197530864198
"2","AGUA SIN GAS","COLAS","VDM NA","PUNTO DE VENTA TRADICIONAL","BRONCE",1.04096854791299
"3","COLAS","COLAS","VDM NA","PUNTO DE VENTA TRADICIONAL","BRONCE",1.0462962962963
"4","AGUA SIN GAS","SABORES","VDM NA","PUNTO DE VENTA TRADICIONAL","BRONCE",1.12794612794613
"5","COLAS","NARANJADAS Y BEBIDAS","VDM NA","PUNTO DE VENTA TRADICIONAL","BRONCE",1.21164021164021
"6","AGUA SIN GAS","AGUA SIN GAS","VDM NA","PUNTO DE VENTA TRADICIONAL","BRONCE",1.48148148148148
"7","COLAS","SABORES","VDM NA","PUNTO DE VENTA TRADICIONAL","BRONCE",1.48686267436267
"8","SABORES","COLAS","VDM NA","PUNTO DE VENTA TRADICIONAL","BRONCE",1.48686267436267
"9","SABORES","SABORES","VDM NA","PUNTO DE VENTA TRADICIONAL","BRONCE",1.97222222222222
"10","NARANJADAS Y BEBIDAS","SABORES","VDM NA","PUNTO DE VENTA TRADICIONAL","BRONCE",2.73569023569024
"11","NARANJADAS Y BEBIDAS","NARANJADAS Y BEBIDAS","VDM NA","PUNTO DE VENTA TRADICIONAL","BRONCE",3.33333333333333
"12","COLAS","COLAS","VDM Oriente","INDIRECTOS","CUSTOMIZADO",1.2879585094049
"13","COLAS","JUGOS Y NÉCTARES","VDM Oriente","INDIRECTOS","CUSTOMIZADO",1.30020938093642
"14","COLAS","SABORES","VDM Oriente","INDIRECTOS","CUSTOMIZADO",1.35097654019356
"15","COLAS","NARANJADAS Y BEBIDAS","VDM Oriente","INDIRECTOS","CUSTOMIZADO",1.39462562739913
"16","JUGOS Y NÉCTARES","SABORES","VDM Oriente","INDIRECTOS","CUSTOMIZADO",1.3997748236399
"17","SABORES","SABORES","VDM Oriente","INDIRECTOS","CUSTOMIZADO",1.50550942196548
"18","JUGOS Y NÉCTARES","NARANJADAS Y BEBIDAS","VDM Oriente","INDIRECTOS","CUSTOMIZADO",1.51307033094775
"19","NARANJADAS Y BEBIDAS","NARANJADAS Y BEBIDAS","VDM Oriente","INDIRECTOS","CUSTOMIZADO",1.57348527225415
"20","NARANJADAS Y BEBIDAS","SABORES","VDM Oriente","INDIRECTOS","CUSTOMIZADO",1.5852983458893
"21","SABORES","NARANJADAS Y BEBIDAS","VDM Oriente","INDIRECTOS","CUSTOMIZADO",1.5852983458893
"22","JUGOS Y NÉCTARES","JUGOS Y NÉCTARES","VDM Oriente","INDIRECTOS","CUSTOMIZADO",2.08628347045352
"23","COLAS","COLAS","VDM Oriente","INDIRECTOS","ORO",2.48329831932773
"24","COLAS","SABORES","VDM Oriente","INDIRECTOS","ORO",2.91481092436975
"25","SABORES","SABORES","VDM Oriente","INDIRECTOS","ORO",4.07142857142857
"26","AGUA SIN GAS","COLAS","VDM Oriente","MODERNO","BRONCE",1.16409371514511
"27","COLAS","COLAS","VDM Oriente","MODERNO","BRONCE",1.3781537370819
"28","AGUA CON GAS","COLAS","VDM Oriente","MODERNO","BRONCE",1.57061759994992
"29","COLAS","SABORES","VDM Oriente","MODERNO","BRONCE",1.6252539005489
"30","AGUA CON GAS","AGUA SIN GAS","VDM Oriente","MODERNO","BRONCE",1.80091043950325
"31","COLAS","NARANJADAS Y BEBIDAS","VDM Oriente","MODERNO","BRONCE",1.90481598862011
"32","SABORES","AGUA SIN GAS","VDM Oriente","MODERNO","BRONCE",2.33008935924883
"33","AGUA SIN GAS","SABORES","VDM Oriente","MODERNO","BRONCE",2.33008935924883
"34","AGUA SIN GAS","AGUA SIN GAS","VDM Oriente","MODERNO","BRONCE",2.5652842850929
"35","AGUA CON GAS","SABORES","VDM Oriente","MODERNO","BRONCE",3.17875670840787
"36","AGUA SIN GAS","NARANJADAS Y BEBIDAS","VDM Oriente","MODERNO","BRONCE",3.6114111177001
"37","SABORES","SABORES","VDM Oriente","MODERNO","BRONCE",3.81936420722135
"38","AGUA CON GAS","NARANJADAS Y BEBIDAS","VDM Oriente","MODERNO","BRONCE",4.07588739290086
"39","NARANJADAS Y BEBIDAS","AGUA CON GAS","VDM Oriente","MODERNO","BRONCE",4.07588739290086
"40","NARANJADAS Y BEBIDAS","SABORES","VDM Oriente","MODERNO","BRONCE",4.94938307306728
"41","COLAS","COLAS","VDM Oriente","MODERNO","CUSTOMIZADO",0.932698890801847
"42","AGUA SIN GAS","COLAS","VDM Oriente","MODERNO","CUSTOMIZADO",0.968185032812616
"43","AGUA CON GAS","COLAS","VDM Oriente","MODERNO","CUSTOMIZADO",1.01954987567593
"44","COLAS","SABORES","VDM Oriente","MODERNO","CUSTOMIZADO",1.02392736377161
"45","SABORES","SABORES","VDM Oriente","MODERNO","CUSTOMIZADO",1.07431411444541
"46","AGUA CON GAS","SABORES","VDM Oriente","MODERNO","CUSTOMIZADO",1.0778508603872
"47","AGUA CON GAS","AGUA SIN GAS","VDM Oriente","MODERNO","CUSTOMIZADO",1.08307308043461
"48","AGUA SIN GAS","SABORES","VDM Oriente","MODERNO","CUSTOMIZADO",1.11448596741516
"49","AGUA SIN GAS","AGUA SIN GAS","VDM Oriente","MODERNO","CUSTOMIZADO",1.2373263429724
"50","AGUA SIN GAS","COLAS","VDM Oriente","MODERNO","ORO",0.927911961772328
"51","COLAS","COLAS","VDM Oriente","MODERNO","ORO",1.0381470115816
"52","AGUA SIN GAS","SABORES","VDM Oriente","MODERNO","ORO",1.06224208945922
"53","COLAS","SABORES","VDM Oriente","MODERNO","ORO",1.07789808571344
"54","AGUA SIN GAS","NARANJADAS Y BEBIDAS","VDM Oriente","MODERNO","ORO",1.09302063789869
"55","SABORES","SABORES","VDM Oriente","MODERNO","ORO",1.11033681765389
"56","COLAS","NARANJADAS Y BEBIDAS","VDM Oriente","MODERNO","ORO",1.11326978185174
"57","NARANJADAS Y BEBIDAS","SABORES","VDM Oriente","MODERNO","ORO",1.1807856100539
"58","NARANJADAS Y BEBIDAS","NARANJADAS Y BEBIDAS","VDM Oriente","MODERNO","ORO",1.20512820512821
"59","AGUA SIN GAS","AGUA SIN GAS","VDM Oriente","MODERNO","ORO",2.34146341463415
"60","LÁCTEOS","AGUA SIN GAS","VDM Oriente","MODERNO","PLATA",0.970077343897378
"61","AGUA SIN GAS","LÁCTEOS","VDM Oriente","MODERNO","PLATA",0.970077343897378
"62","AGUA SIN GAS","COLAS","VDM Oriente","MODERNO","PLATA",0.971808965863619
"63","LÁCTEOS","SABORES","VDM Oriente","MODERNO","PLATA",1.07102075052036
"64","SABORES","LÁCTEOS","VDM Oriente","MODERNO","PLATA",1.07102075052036
"65","AGUA SIN GAS","NARANJADAS Y BEBIDAS","VDM Oriente","MODERNO","PLATA",1.19230927213977
"66","AGUA SIN GAS","SABORES","VDM Oriente","MODERNO","PLATA",1.19414831925531
"67","COLAS","COLAS","VDM Oriente","MODERNO","PLATA",1.2168590875214
"68","COLAS","SABORES","VDM Oriente","MODERNO","PLATA",1.24903848433268
"69","COLAS","LÁCTEOS","VDM Oriente","MODERNO","PLATA",1.27041720249653
"70","SABORES","SABORES","VDM Oriente","MODERNO","PLATA",1.31372563283484
"71","COLAS","NARANJADAS Y BEBIDAS","VDM Oriente","MODERNO","PLATA",1.37816728460685
"72","NARANJADAS Y BEBIDAS","SABORES","VDM Oriente","MODERNO","PLATA",1.60586721829674
"73","SABORES","NARANJADAS Y BEBIDAS","VDM Oriente","MODERNO","PLATA",1.60586721829674
"74","LÁCTEOS","NARANJADAS Y BEBIDAS","VDM Oriente","MODERNO","PLATA",1.72645161290323
"75","AGUA SIN GAS","AGUA SIN GAS","VDM Oriente","MODERNO","PLATA",2.65025466893039
"76","LÁCTEOS","NARANJADAS Y BEBIDAS","VDM Oriente","ON PREMISE","BRONCE",0.541337992468028
"77","COLAS","NARANJADAS Y BEBIDAS","VDM Oriente","ON PREMISE","BRONCE",0.619664954629986
"78","AGUA SIN GAS","NARANJADAS Y BEBIDAS","VDM Oriente","ON PREMISE","BRONCE",0.766066949946212
"79","LÁCTEOS","SABORES","VDM Oriente","ON PREMISE","BRONCE",0.775533268557437
"80","COLAS","SABORES","VDM Oriente","ON PREMISE","BRONCE",0.836699804644862
"81","AGUA SIN GAS","SABORES","VDM Oriente","ON PREMISE","BRONCE",0.856114549754787
"82","SABORES","AGUA SIN GAS","VDM Oriente","ON PREMISE","BRONCE",0.856114549754787
"83","COLAS","LÁCTEOS","VDM Oriente","ON PREMISE","BRONCE",1.02700638492532
"84","AGUA SIN GAS","LÁCTEOS","VDM Oriente","ON PREMISE","BRONCE",1.35186491483504
"85","AGUA SIN GAS","COLAS","VDM Oriente","ON PREMISE","BRONCE",1.43201606605375
"86","SABORES","SABORES","VDM Oriente","ON PREMISE","BRONCE",1.57968714051812
"87","COLAS","COLAS","VDM Oriente","ON PREMISE","BRONCE",1.65753752468158
"88","NARANJADAS Y BEBIDAS","SABORES","VDM Oriente","ON PREMISE","BRONCE",2.25128323455412
"89","AGUA SIN GAS","AGUA SIN GAS","VDM Oriente","ON PREMISE","BRONCE",2.69416993034873
"90","NARANJADAS Y BEBIDAS","NARANJADAS Y BEBIDAS","VDM Oriente","ON PREMISE","BRONCE",5.07820016249557
"91","LÁCTEOS","LÁCTEOS","VDM Oriente","ON PREMISE","BRONCE",9.0942053660968
"92","JUGOS Y NÉCTARES","TÉ","VDM Oriente","ON PREMISE","CUSTOMIZADO",0.577310928325815
"93","AGUA CON GAS","TÉ","VDM Oriente","ON PREMISE","CUSTOMIZADO",0.588871109738164
"94","JUGOS Y NÉCTARES","SABORES","VDM Oriente","ON PREMISE","CUSTOMIZADO",0.729658392893636
"95","AGUA CON GAS","SABORES","VDM Oriente","ON PREMISE","CUSTOMIZADO",0.8223543177308
"96","AGUA CON GAS","COLAS","VDM Oriente","ON PREMISE","CUSTOMIZADO",0.885592065444263
"97","COLAS","COLAS","VDM Oriente","ON PREMISE","CUSTOMIZADO",0.995894073352844
"98","AGUA SIN GAS","SABORES","VDM Oriente","ON PREMISE","CUSTOMIZADO",1.07936852162413
"99","AGUA CON GAS","AGUA CON GAS","VDM Oriente","ON PREMISE","CUSTOMIZADO",1.09226612345288
"100","AGUA SIN GAS","TÉ","VDM Oriente","ON PREMISE","CUSTOMIZADO",1.10154574796605
"101","AGUA CON GAS","AGUA SIN GAS","VDM Oriente","ON PREMISE","CUSTOMIZADO",1.13737172430373
"102","AGUA SIN GAS","AGUA CON GAS","VDM Oriente","ON PREMISE","CUSTOMIZADO",1.13737172430373
"103","COLAS","JUGOS Y NÉCTARES","VDM Oriente","ON PREMISE","CUSTOMIZADO",1.19014460208183
"104","AGUA SIN GAS","COLAS","VDM Oriente","ON PREMISE","CUSTOMIZADO",1.20712612851034
"105","COLAS","SABORES","VDM Oriente","ON PREMISE","CUSTOMIZADO",1.51140395038528
"106","AGUA SIN GAS","AGUA SIN GAS","VDM Oriente","ON PREMISE","CUSTOMIZADO",1.51464379309991
"107","AGUA SIN GAS","JUGOS Y NÉCTARES","VDM Oriente","ON PREMISE","CUSTOMIZADO",1.55143782906639
"108","COLAS","TÉ","VDM Oriente","ON PREMISE","CUSTOMIZADO",1.74772805837342
"109","AGUA CON GAS","JUGOS Y NÉCTARES","VDM Oriente","ON PREMISE","CUSTOMIZADO",2.20417641466688
"110","SABORES","SABORES","VDM Oriente","ON PREMISE","CUSTOMIZADO",2.55743046717516
"111","SABORES","TÉ","VDM Oriente","ON PREMISE","CUSTOMIZADO",3.92178849201978
"112","TÉ","SABORES","VDM Oriente","ON PREMISE","CUSTOMIZADO",3.92178849201978
"113","JUGOS Y NÉCTARES","JUGOS Y NÉCTARES","VDM Oriente","ON PREMISE","CUSTOMIZADO",4.02936363534518
"114","NARANJADAS Y BEBIDAS","NARANJADAS Y BEBIDAS","VDM Oriente","ON PREMISE","ORO",0.251022491550848
"115","SABORES","AGUA SIN GAS","VDM Oriente","ON PREMISE","ORO",0.982598150210943
"116","AGUA SIN GAS","SABORES","VDM Oriente","ON PREMISE","ORO",0.982598150210943
"117","COLAS","SABORES","VDM Oriente","ON PREMISE","ORO",0.989396818005464
"118","COLAS","NARANJADAS Y BEBIDAS","VDM Oriente","ON PREMISE","ORO",1.01250343347124
"119","AGUA SIN GAS","NARANJADAS Y BEBIDAS","VDM Oriente","ON PREMISE","ORO",1.06359351972718
"120","SABORES","SABORES","VDM Oriente","ON PREMISE","ORO",1.0981514559095
"121","AGUA SIN GAS","COLAS","VDM Oriente","ON PREMISE","ORO",1.15571492464302
"122","COLAS","COLAS","VDM Oriente","ON PREMISE","ORO",1.24544409685602
"123","AGUA SIN GAS","AGUA SIN GAS","VDM Oriente","ON PREMISE","ORO",1.45298780796979
"124","SABORES","NARANJADAS Y BEBIDAS","VDM Oriente","ON PREMISE","ORO",1.55778860821043
"125","NARANJADAS Y BEBIDAS","SABORES","VDM Oriente","ON PREMISE","ORO",1.55778860821043
"126","COLAS","NARANJADAS Y BEBIDAS","VDM Oriente","ON PREMISE","PLATA",0.630081980648094
"127","COLAS","SABORES","VDM Oriente","ON PREMISE","PLATA",0.866770796106391
"128","AGUA CON GAS","COLAS","VDM Oriente","ON PREMISE","PLATA",1.01214031309654
"129","NARANJADAS Y BEBIDAS","AGUA SIN GAS","VDM Oriente","ON PREMISE","PLATA",1.02441983357103
"130","AGUA SIN GAS","NARANJADAS Y BEBIDAS","VDM Oriente","ON PREMISE","PLATA",1.02441983357103
"131","AGUA SIN GAS","SABORES","VDM Oriente","ON PREMISE","PLATA",1.07015269626161
"132","AGUA CON GAS","AGUA SIN GAS","VDM Oriente","ON PREMISE","PLATA",1.11598188211738
"133","AGUA SIN GAS","COLAS","VDM Oriente","ON PREMISE","PLATA",1.25508768697839
"134","COLAS","COLAS","VDM Oriente","ON PREMISE","PLATA",1.33768134956771
"135","SABORES","SABORES","VDM Oriente","ON PREMISE","PLATA",1.60135512431115
"136","AGUA CON GAS","SABORES","VDM Oriente","ON PREMISE","PLATA",1.95115454468417
"137","SABORES","AGUA CON GAS","VDM Oriente","ON PREMISE","PLATA",1.95115454468417
"138","NARANJADAS Y BEBIDAS","SABORES","VDM Oriente","ON PREMISE","PLATA",2.02192743088626
"139","AGUA CON GAS","NARANJADAS Y BEBIDAS","VDM Oriente","ON PREMISE","PLATA",2.1718337117891
"140","AGUA SIN GAS","AGUA SIN GAS","VDM Oriente","ON PREMISE","PLATA",2.19947460705862
"141","NARANJADAS Y BEBIDAS","NARANJADAS Y BEBIDAS","VDM Oriente","ON PREMISE","PLATA",3.82729087596744
"142","AGUA SIN GAS","JUGOS Y NÉCTARES","VDM Oriente","ON PREMISE","SIN ASIGNAR",0
"143","AGUA SIN GAS","SABORES","VDM Oriente","ON PREMISE","SIN ASIGNAR",0.4
"144","COLAS","SABORES","VDM Oriente","ON PREMISE","SIN ASIGNAR",0.755555555555556
"145","JUGOS Y NÉCTARES","SABORES","VDM Oriente","ON PREMISE","SIN ASIGNAR",0.933333333333333
"146","SABORES","SABORES","VDM Oriente","ON PREMISE","SIN ASIGNAR",1.1
"147","AGUA SIN GAS","COLAS","VDM Oriente","ON PREMISE","SIN ASIGNAR",1.33333333333333
"148","JUGOS Y NÉCTARES","JUGOS Y NÉCTARES","VDM Oriente","ON PREMISE","SIN ASIGNAR",2.66666666666667
"149","JUGOS Y NÉCTARES","LÁCTEOS","VDM Oriente","ON PREMISE","SIN ASIGNAR",3.33333333333333
"150","AGUA SIN GAS","JUGOS Y NÉCTARES","VDM Oriente","OTROS","BRONCE",0
"151","JUGOS Y NÉCTARES","SABORES","VDM Oriente","OTROS","BRONCE",0.714285714285714
"152","COLAS","JUGOS Y NÉCTARES","VDM Oriente","OTROS","BRONCE",0.9
"153","COLAS","COLAS","VDM Oriente","OTROS","BRONCE",1.07948051948052
"154","AGUA SIN GAS","COLAS","VDM Oriente","OTROS","BRONCE",1.1
"155","COLAS","SABORES","VDM Oriente","OTROS","BRONCE",1.11337868480726
"156","AGUA CON GAS","COLAS","VDM Oriente","OTROS","BRONCE",1.3
"157","AGUA CON GAS","SABORES","VDM Oriente","OTROS","BRONCE",1.78571428571429
"158","SABORES","AGUA CON GAS","VDM Oriente","OTROS","BRONCE",1.78571428571429
"159","SABORES","SABORES","VDM Oriente","OTROS","BRONCE",2.86904761904762
"160","AGUA CON GAS","AGUA SIN GAS","VDM Oriente","OTROS","BRONCE",4
"161","AGUA SIN GAS","SABORES","VDM Oriente","OTROS","BRONCE",4.6984126984127
"162","AGUA CON GAS","JUGOS Y NÉCTARES","VDM Oriente","OTROS","BRONCE",6
"163","AGUA SIN GAS","AGUA SIN GAS","VDM Oriente","OTROS","BRONCE",8
"164","COLAS","COLAS","VDM Oriente","OTROS","PLATA",1.11931818181818
"165","COLAS","SABORES","VDM Oriente","OTROS","PLATA",1.32366071428571
"166","AGUA CON GAS","COLAS","VDM Oriente","OTROS","PLATA",1.484375
"167","AGUA CON GAS","AGUA CON GAS","VDM Oriente","OTROS","PLATA",1.5
"168","AGUA SIN GAS","COLAS","VDM Oriente","OTROS","PLATA",1.5625
"169","SABORES","SABORES","VDM Oriente","OTROS","PLATA",3.10714285714286
"170","AGUA CON GAS","SABORES","VDM Oriente","OTROS","PLATA",3.35714285714286
"171","AGUA CON GAS","AGUA SIN GAS","VDM Oriente","OTROS","PLATA",5.25
"172","AGUA SIN GAS","SABORES","VDM Oriente","OTROS","PLATA",5.46428571428571
"173","AGUA SIN GAS","JUGOS Y NÉCTARES","VDM Oriente","OTROS","PLATA",9
"174","GARRAFON","NARANJADAS Y BEBIDAS","VDM Oriente","OTROS","SIN ASIGNAR",0
"175","COLAS","GARRAFON","VDM Oriente","OTROS","SIN ASIGNAR",2.70724373737642
"176","AGUA SIN GAS","COLAS","VDM Oriente","OTROS","SIN ASIGNAR",10.922802730396
"177","AGUA SIN GAS","GARRAFON","VDM Oriente","OTROS","SIN ASIGNAR",11.9874811463047
"178","COLAS","NARANJADAS Y BEBIDAS","VDM Oriente","OTROS","SIN ASIGNAR",14.0453964550844
"179","NARANJADAS Y BEBIDAS","COLAS","VDM Oriente","OTROS","SIN ASIGNAR",14.0453964550844
"180","COLAS","COLAS","VDM Oriente","OTROS","SIN ASIGNAR",15.0966708471237
"181","COLAS","SABORES","VDM Oriente","OTROS","SIN ASIGNAR",15.7010776582334
"182","GARRAFON","SABORES","VDM Oriente","OTROS","SIN ASIGNAR",17.2627148492533
"183","AGUA SIN GAS","AGUA SIN GAS","VDM Oriente","OTROS","SIN ASIGNAR",40.8084464555053
"184","AGUA SIN GAS","SABORES","VDM Oriente","OTROS","SIN ASIGNAR",45.2975517280062
"185","SABORES","SABORES","VDM Oriente","OTROS","SIN ASIGNAR",56.3952316805578
"186","NARANJADAS Y BEBIDAS","SABORES","VDM Oriente","OTROS","SIN ASIGNAR",67.7262501990763
"187","SABORES","NARANJADAS Y BEBIDAS","VDM Oriente","OTROS","SIN ASIGNAR",67.7262501990763
"188","AGUA SIN GAS","NARANJADAS Y BEBIDAS","VDM Oriente","OTROS","SIN ASIGNAR",73.6677476118653
"189","NARANJADAS Y BEBIDAS","AGUA SIN GAS","VDM Oriente","OTROS","SIN ASIGNAR",73.6677476118653
"190","COLAS","COLAS","VDM Oriente","PUNTO DE VENTA TRADICIONAL","BRONCE",1.32273078957538
"191","AGUA SIN GAS","COLAS","VDM Oriente","PUNTO DE VENTA TRADICIONAL","BRONCE",1.3618615706576
"192","COLAS","LÁCTEOS","VDM Oriente","PUNTO DE VENTA TRADICIONAL","BRONCE",1.45524639258913
"193","COLAS","SABORES","VDM Oriente","PUNTO DE VENTA TRADICIONAL","BRONCE",1.51853576441507
"194","COLAS","NARANJADAS Y BEBIDAS","VDM Oriente","PUNTO DE VENTA TRADICIONAL","BRONCE",1.54196751665776
"195","AGUA SIN GAS","SABORES","VDM Oriente","PUNTO DE VENTA TRADICIONAL","BRONCE",1.64992365614268
"196","SABORES","AGUA SIN GAS","VDM Oriente","PUNTO DE VENTA TRADICIONAL","BRONCE",1.64992365614268
"197","AGUA SIN GAS","LÁCTEOS","VDM Oriente","PUNTO DE VENTA TRADICIONAL","BRONCE",1.68607137649197
"198","AGUA SIN GAS","NARANJADAS Y BEBIDAS","VDM Oriente","PUNTO DE VENTA TRADICIONAL","BRONCE",1.69388056885141
"199","LÁCTEOS","SABORES","VDM Oriente","PUNTO DE VENTA TRADICIONAL","BRONCE",1.84068927950613
"200","SABORES","SABORES","VDM Oriente","PUNTO DE VENTA TRADICIONAL","BRONCE",1.90163713037545
"201","LÁCTEOS","NARANJADAS Y BEBIDAS","VDM Oriente","PUNTO DE VENTA TRADICIONAL","BRONCE",1.93723476241483
"202","NARANJADAS Y BEBIDAS","LÁCTEOS","VDM Oriente","PUNTO DE VENTA TRADICIONAL","BRONCE",1.93723476241483
"203","NARANJADAS Y BEBIDAS","SABORES","VDM Oriente","PUNTO DE VENTA TRADICIONAL","BRONCE",2.06221180747345
"204","NARANJADAS Y BEBIDAS","NARANJADAS Y BEBIDAS","VDM Oriente","PUNTO DE VENTA TRADICIONAL","BRONCE",2.25201351130503
"205","AGUA SIN GAS","AGUA SIN GAS","VDM Oriente","PUNTO DE VENTA TRADICIONAL","BRONCE",3.2329850262443
"206","ENERGIZANTES","NARANJADAS Y BEBIDAS","VDM Oriente","PUNTO DE VENTA TRADICIONAL","CUSTOMIZADO",0.569451946385697
"207","NARANJADAS Y BEBIDAS","ENERGIZANTES","VDM Oriente","PUNTO DE VENTA TRADICIONAL","CUSTOMIZADO",0.569451946385698
"208","AGUA SIN GAS","NARANJADAS Y BEBIDAS","VDM Oriente","PUNTO DE VENTA TRADICIONAL","CUSTOMIZADO",0.786813708832795
"209","NARANJADAS Y BEBIDAS","SABORES","VDM Oriente","PUNTO DE VENTA TRADICIONAL","CUSTOMIZADO",1.03318423449585
"210","NARANJADAS Y BEBIDAS","COLAS","VDM Oriente","PUNTO DE VENTA TRADICIONAL","CUSTOMIZADO",1.10171469055853
"211","COLAS","NARANJADAS Y BEBIDAS","VDM Oriente","PUNTO DE VENTA TRADICIONAL","CUSTOMIZADO",1.10171469055854
"212","AGUA CON GAS","NARANJADAS Y BEBIDAS","VDM Oriente","PUNTO DE VENTA TRADICIONAL","CUSTOMIZADO",1.10378140369524
"213","NARANJADAS Y BEBIDAS","AGUA CON GAS","VDM Oriente","PUNTO DE VENTA TRADICIONAL","CUSTOMIZADO",1.10378140369524
"214","COLAS","COLAS","VDM Oriente","PUNTO DE VENTA TRADICIONAL","CUSTOMIZADO",1.5048467909565
"215","AGUA SIN GAS","COLAS","VDM Oriente","PUNTO DE VENTA TRADICIONAL","CUSTOMIZADO",1.51186937814963
"216","AGUA CON GAS","AGUA SIN GAS","VDM Oriente","PUNTO DE VENTA TRADICIONAL","CUSTOMIZADO",1.53011614637712
"217","AGUA CON GAS","COLAS","VDM Oriente","PUNTO DE VENTA TRADICIONAL","CUSTOMIZADO",1.70860259153605
"218","COLAS","ENERGIZANTES","VDM Oriente","PUNTO DE VENTA TRADICIONAL","CUSTOMIZADO",1.72321156351313
"219","ENERGIZANTES","COLAS","VDM Oriente","PUNTO DE VENTA TRADICIONAL","CUSTOMIZADO",1.72321156351313
"220","ENERGIZANTES","SABORES","VDM Oriente","PUNTO DE VENTA TRADICIONAL","CUSTOMIZADO",1.78175907664011
"221","AGUA SIN GAS","ENERGIZANTES","VDM Oriente","PUNTO DE VENTA TRADICIONAL","CUSTOMIZADO",1.78888504378508
"222","COLAS","SABORES","VDM Oriente","PUNTO DE VENTA TRADICIONAL","CUSTOMIZADO",1.8347064268433
"223","ENERGIZANTES","AGUA CON GAS","VDM Oriente","PUNTO DE VENTA TRADICIONAL","CUSTOMIZADO",1.9265010813444
"224","AGUA CON GAS","ENERGIZANTES","VDM Oriente","PUNTO DE VENTA TRADICIONAL","CUSTOMIZADO",1.9265010813444
"225","AGUA SIN GAS","SABORES","VDM Oriente","PUNTO DE VENTA TRADICIONAL","CUSTOMIZADO",2.06959044956321
"226","SABORES","AGUA SIN GAS","VDM Oriente","PUNTO DE VENTA TRADICIONAL","CUSTOMIZADO",2.06959044956321
"227","AGUA CON GAS","SABORES","VDM Oriente","PUNTO DE VENTA TRADICIONAL","CUSTOMIZADO",2.17074388666844
"228","AGUA CON GAS","AGUA CON GAS","VDM Oriente","PUNTO DE VENTA TRADICIONAL","CUSTOMIZADO",2.21342203185836
"229","AGUA SIN GAS","AGUA SIN GAS","VDM Oriente","PUNTO DE VENTA TRADICIONAL","CUSTOMIZADO",2.28894163729679
"230","SABORES","SABORES","VDM Oriente","PUNTO DE VENTA TRADICIONAL","CUSTOMIZADO",2.45952333373415
"231","COLAS","COLAS","VDM Oriente","PUNTO DE VENTA TRADICIONAL","ORO",1.01838122190899
"232","AGUA SIN GAS","COLAS","VDM Oriente","PUNTO DE VENTA TRADICIONAL","ORO",1.0233794111932
"233","COLAS","NARANJADAS Y BEBIDAS","VDM Oriente","PUNTO DE VENTA TRADICIONAL","ORO",1.02769084356213
"234","COLAS","SABORES","VDM Oriente","PUNTO DE VENTA TRADICIONAL","ORO",1.02854460551833
"235","COLAS","LÁCTEOS","VDM Oriente","PUNTO DE VENTA TRADICIONAL","ORO",1.03293808368274
"236","AGUA SIN GAS","SABORES","VDM Oriente","PUNTO DE VENTA TRADICIONAL","ORO",1.04054796011925
"237","AGUA SIN GAS","NARANJADAS Y BEBIDAS","VDM Oriente","PUNTO DE VENTA TRADICIONAL","ORO",1.0427535222582
"238","SABORES","SABORES","VDM Oriente","PUNTO DE VENTA TRADICIONAL","ORO",1.04483528586499
"239","NARANJADAS Y BEBIDAS","SABORES","VDM Oriente","PUNTO DE VENTA TRADICIONAL","ORO",1.05004302955237
"240","LÁCTEOS","SABORES","VDM Oriente","PUNTO DE VENTA TRADICIONAL","ORO",1.05524290446366
"241","AGUA SIN GAS","LÁCTEOS","VDM Oriente","PUNTO DE VENTA TRADICIONAL","ORO",1.05640674764653
"242","LÁCTEOS","NARANJADAS Y BEBIDAS","VDM Oriente","PUNTO DE VENTA TRADICIONAL","ORO",1.06929859691693
"243","NARANJADAS Y BEBIDAS","NARANJADAS Y BEBIDAS","VDM Oriente","PUNTO DE VENTA TRADICIONAL","ORO",1.0892222051603
"244","AGUA SIN GAS","AGUA SIN GAS","VDM Oriente","PUNTO DE VENTA TRADICIONAL","ORO",1.2419374250414
"245","COLAS","COLAS","VDM Oriente","PUNTO DE VENTA TRADICIONAL","PLATA",1.08177814264261
"246","AGUA SIN GAS","COLAS","VDM Oriente","PUNTO DE VENTA TRADICIONAL","PLATA",1.13066541417853
"247","COLAS","NARANJADAS Y BEBIDAS","VDM Oriente","PUNTO DE VENTA TRADICIONAL","PLATA",1.13502223878493
"248","COLAS","SABORES","VDM Oriente","PUNTO DE VENTA TRADICIONAL","PLATA",1.13763412219244
"249","COLAS","LÁCTEOS","VDM Oriente","PUNTO DE VENTA TRADICIONAL","PLATA",1.15469548430077
"250","AGUA SIN GAS","NARANJADAS Y BEBIDAS","VDM Oriente","PUNTO DE VENTA TRADICIONAL","PLATA",1.22490547075047
"251","AGUA SIN GAS","SABORES","VDM Oriente","PUNTO DE VENTA TRADICIONAL","PLATA",1.2303387984217
"252","SABORES","SABORES","VDM Oriente","PUNTO DE VENTA TRADICIONAL","PLATA",1.23382675374645
"253","NARANJADAS Y BEBIDAS","SABORES","VDM Oriente","PUNTO DE VENTA TRADICIONAL","PLATA",1.25832815028564
"254","LÁCTEOS","SABORES","VDM Oriente","PUNTO DE VENTA TRADICIONAL","PLATA",1.27514688410086
"255","AGUA SIN GAS","LÁCTEOS","VDM Oriente","PUNTO DE VENTA TRADICIONAL","PLATA",1.29107649834442
"256","NARANJADAS Y BEBIDAS","LÁCTEOS","VDM Oriente","PUNTO DE VENTA TRADICIONAL","PLATA",1.30012440671071
"257","LÁCTEOS","NARANJADAS Y BEBIDAS","VDM Oriente","PUNTO DE VENTA TRADICIONAL","PLATA",1.30012440671071
"258","NARANJADAS Y BEBIDAS","NARANJADAS Y BEBIDAS","VDM Oriente","PUNTO DE VENTA TRADICIONAL","PLATA",1.31554629085413
"259","AGUA SIN GAS","AGUA SIN GAS","VDM Oriente","PUNTO DE VENTA TRADICIONAL","PLATA",1.55654212701507
"260","ISOTÓNICO E HIDROTON","ISOTÓNICO E HIDROTON","VDM Poniente","INDIRECTOS","BRONCE",0.833333333333333
"261","COLAS","NARANJADAS Y BEBIDAS","VDM Poniente","INDIRECTOS","BRONCE",0.876543209876543
"262","ISOTÓNICO E HIDROTON","NARANJADAS Y BEBIDAS","VDM Poniente","INDIRECTOS","BRONCE",1.11111111111111
"263","COLAS","COLAS","VDM Poniente","INDIRECTOS","BRONCE",1.13888888888889
"264","NARANJADAS Y BEBIDAS","SABORES","VDM Poniente","INDIRECTOS","BRONCE",1.16319444444444
"265","COLAS","ISOTÓNICO E HIDROTON","VDM Poniente","INDIRECTOS","BRONCE",1.24691358024691
"266","COLAS","SABORES","VDM Poniente","INDIRECTOS","BRONCE",1.37037037037037
"267","SABORES","SABORES","VDM Poniente","INDIRECTOS","BRONCE",1.42857142857143
"268","ISOTÓNICO E HIDROTON","SABORES","VDM Poniente","INDIRECTOS","BRONCE",1.55381944444444
"269","AGUA SIN GAS","COLAS","VDM Poniente","INDIRECTOS","BRONCE",1.61728395061728
"270","AGUA SIN GAS","AGUA SIN GAS","VDM Poniente","INDIRECTOS","BRONCE",1.66666666666667
"271","AGUA SIN GAS","SABORES","VDM Poniente","INDIRECTOS","BRONCE",1.94444444444444
"272","BEBIDAS DE SOYA","COLAS","VDM Poniente","INDIRECTOS","CUSTOMIZADO",1.14395493854716
"273","COLAS","COLAS","VDM Poniente","INDIRECTOS","CUSTOMIZADO",1.18969806697122
"274","COLAS","LÁCTEOS","VDM Poniente","INDIRECTOS","CUSTOMIZADO",1.20129632295113
"275","COLAS","JUGOS Y NÉCTARES","VDM Poniente","INDIRECTOS","CUSTOMIZADO",1.20478772277938
"276","COLAS","NARANJADAS Y BEBIDAS","VDM Poniente","INDIRECTOS","CUSTOMIZADO",1.23083454234857
"277","COLAS","SABORES","VDM Poniente","INDIRECTOS","CUSTOMIZADO",1.23288336846433
"278","BEBIDAS DE SOYA","NARANJADAS Y BEBIDAS","VDM Poniente","INDIRECTOS","CUSTOMIZADO",1.26905611023611
"279","LÁCTEOS","NARANJADAS Y BEBIDAS","VDM Poniente","INDIRECTOS","CUSTOMIZADO",1.26917056606495
"280","JUGOS Y NÉCTARES","LÁCTEOS","VDM Poniente","INDIRECTOS","CUSTOMIZADO",1.28634906110638
"281","LÁCTEOS","SABORES","VDM Poniente","INDIRECTOS","CUSTOMIZADO",1.30861564449254
"282","JUGOS Y NÉCTARES","SABORES","VDM Poniente","INDIRECTOS","CUSTOMIZADO",1.3123074457008
"283","BEBIDAS DE SOYA","JUGOS Y NÉCTARES","VDM Poniente","INDIRECTOS","CUSTOMIZADO",1.31294819510603
"284","BEBIDAS DE SOYA","SABORES","VDM Poniente","INDIRECTOS","CUSTOMIZADO",1.33539281872533
"285","JUGOS Y NÉCTARES","NARANJADAS Y BEBIDAS","VDM Poniente","INDIRECTOS","CUSTOMIZADO",1.34960048599854
"286","NARANJADAS Y BEBIDAS","SABORES","VDM Poniente","INDIRECTOS","CUSTOMIZADO",1.36841811742288
"287","SABORES","SABORES","VDM Poniente","INDIRECTOS","CUSTOMIZADO",1.37668804106055
"288","JUGOS Y NÉCTARES","JUGOS Y NÉCTARES","VDM Poniente","INDIRECTOS","CUSTOMIZADO",1.8443953583014
"289","BEBIDAS DE SOYA","LÁCTEOS","VDM Poniente","INDIRECTOS","CUSTOMIZADO",2.65623665982732
"290","LÁCTEOS","BEBIDAS DE SOYA","VDM Poniente","INDIRECTOS","CUSTOMIZADO",2.65623665982732
"291","NARANJADAS Y BEBIDAS","AGUA SIN GAS","VDM Poniente","MODERNO","BRONCE",0.490560198418946
"292","AGUA SIN GAS","NARANJADAS Y BEBIDAS","VDM Poniente","MODERNO","BRONCE",0.490560198418946
"293","AGUA CON GAS","NARANJADAS Y BEBIDAS","VDM Poniente","MODERNO","BRONCE",0.524904214559387
"294","COLAS","COLAS","VDM Poniente","MODERNO","BRONCE",1.33278300427738
"295","AGUA SIN GAS","COLAS","VDM Poniente","MODERNO","BRONCE",1.39292978499885
"296","COLAS","SABORES","VDM Poniente","MODERNO","BRONCE",1.59602654156251
"297","COLAS","NARANJADAS Y BEBIDAS","VDM Poniente","MODERNO","BRONCE",1.60483798081756
"298","NARANJADAS Y BEBIDAS","SABORES","VDM Poniente","MODERNO","BRONCE",1.78360165252965
"299","AGUA SIN GAS","SABORES","VDM Poniente","MODERNO","BRONCE",1.84419731364927
"300","AGUA CON GAS","COLAS","VDM Poniente","MODERNO","BRONCE",1.92477969930669
"301","SABORES","SABORES","VDM Poniente","MODERNO","BRONCE",2.15952110488844
"302","AGUA CON GAS","SABORES","VDM Poniente","MODERNO","BRONCE",2.77466074058489
"303","AGUA SIN GAS","AGUA SIN GAS","VDM Poniente","MODERNO","BRONCE",2.81029003460191
"304","AGUA CON GAS","AGUA SIN GAS","VDM Poniente","MODERNO","BRONCE",3.50986523106594
"305","AGUA SIN GAS","AGUA CON GAS","VDM Poniente","MODERNO","BRONCE",3.50986523106594
"306","GARRAFON","NARANJADAS Y BEBIDAS","VDM Poniente","MODERNO","CUSTOMIZADO",0.152366673092347
"307","NARANJADAS Y BEBIDAS","GARRAFON","VDM Poniente","MODERNO","CUSTOMIZADO",0.152366673092347
"308","AGUA SIN GAS","NARANJADAS Y BEBIDAS","VDM Poniente","MODERNO","CUSTOMIZADO",0.645772123183458
"309","GARRAFON","COLAS","VDM Poniente","MODERNO","CUSTOMIZADO",0.873265539159312
"310","COLAS","GARRAFON","VDM Poniente","MODERNO","CUSTOMIZADO",0.873265539159312
"311","AGUA CON GAS","NARANJADAS Y BEBIDAS","VDM Poniente","MODERNO","CUSTOMIZADO",0.965498408343635
"312","NARANJADAS Y BEBIDAS","AGUA CON GAS","VDM Poniente","MODERNO","CUSTOMIZADO",0.965498408343636
"313","NARANJADAS Y BEBIDAS","SABORES","VDM Poniente","MODERNO","CUSTOMIZADO",0.984938285253422
"314","SABORES","NARANJADAS Y BEBIDAS","VDM Poniente","MODERNO","CUSTOMIZADO",0.984938285253423
"315","AGUA SIN GAS","COLAS","VDM Poniente","MODERNO","CUSTOMIZADO",0.992014952989891
"316","AGUA CON GAS","COLAS","VDM Poniente","MODERNO","CUSTOMIZADO",1.01786568796225
"317","COLAS","SABORES","VDM Poniente","MODERNO","CUSTOMIZADO",1.02399756719233
"318","SABORES","SABORES","VDM Poniente","MODERNO","CUSTOMIZADO",1.09625672497526
"319","COLAS","COLAS","VDM Poniente","MODERNO","CUSTOMIZADO",1.10087819206292
"320","AGUA CON GAS","SABORES","VDM Poniente","MODERNO","CUSTOMIZADO",1.10449243757196
"321","AGUA CON GAS","AGUA SIN GAS","VDM Poniente","MODERNO","CUSTOMIZADO",1.10836844671336
"322","AGUA SIN GAS","SABORES","VDM Poniente","MODERNO","CUSTOMIZADO",1.10931597954794
"323","AGUA CON GAS","GARRAFON","VDM Poniente","MODERNO","CUSTOMIZADO",1.1467268915095
"324","GARRAFON","SABORES","VDM Poniente","MODERNO","CUSTOMIZADO",1.24084250984933
"325","AGUA SIN GAS","AGUA SIN GAS","VDM Poniente","MODERNO","CUSTOMIZADO",1.25108609234569
"326","COLAS","NARANJADAS Y BEBIDAS","VDM Poniente","MODERNO","CUSTOMIZADO",1.38700443283364
"327","AGUA SIN GAS","GARRAFON","VDM Poniente","MODERNO","CUSTOMIZADO",1.47376992995129
"328","AGUA SIN GAS","COLAS","VDM Poniente","MODERNO","ORO",1.31489481015879
"329","COLAS","COLAS","VDM Poniente","MODERNO","ORO",1.37188852299366
"330","COLAS","ENERGIZANTES","VDM Poniente","MODERNO","ORO",1.38809707373372
"331","COLAS","NARANJADAS Y BEBIDAS","VDM Poniente","MODERNO","ORO",1.3942804157765
"332","AGUA SIN GAS","ENERGIZANTES","VDM Poniente","MODERNO","ORO",1.5
"333","COLAS","LÁCTEOS","VDM Poniente","MODERNO","ORO",1.5010064773196
"334","LÁCTEOS","NARANJADAS Y BEBIDAS","VDM Poniente","MODERNO","ORO",1.52079395085066
"335","LÁCTEOS","LÁCTEOS","VDM Poniente","MODERNO","ORO",1.52173913043478
"336","AGUA SIN GAS","NARANJADAS Y BEBIDAS","VDM Poniente","MODERNO","ORO",1.52608695652174
"337","NARANJADAS Y BEBIDAS","SABORES","VDM Poniente","MODERNO","ORO",1.53260869565217
"338","COLAS","SABORES","VDM Poniente","MODERNO","ORO",1.54714125160554
"339","AGUA SIN GAS","AGUA SIN GAS","VDM Poniente","MODERNO","ORO",1.575
"340","AGUA SIN GAS","LÁCTEOS","VDM Poniente","MODERNO","ORO",1.70869565217391
"341","SABORES","SABORES","VDM Poniente","MODERNO","ORO",1.75
"342","LÁCTEOS","SABORES","VDM Poniente","MODERNO","ORO",1.76086956521739
"343","AGUA SIN GAS","SABORES","VDM Poniente","MODERNO","ORO",1.8
"344","AGUA SIN GAS","COLAS","VDM Poniente","MODERNO","PLATA",0.760558492624386
"345","AGUA SIN GAS","SABORES","VDM Poniente","MODERNO","PLATA",1.04592018112177
"346","COLAS","COLAS","VDM Poniente","MODERNO","PLATA",1.27368742281882
"347","AGUA SIN GAS","NARANJADAS Y BEBIDAS","VDM Poniente","MODERNO","PLATA",1.28747633787956
"348","COLAS","SABORES","VDM Poniente","MODERNO","PLATA",1.39459876443606
"349","NARANJADAS Y BEBIDAS","COLAS","VDM Poniente","MODERNO","PLATA",1.49025430094781
"350","COLAS","NARANJADAS Y BEBIDAS","VDM Poniente","MODERNO","PLATA",1.49025430094781
"351","SABORES","SABORES","VDM Poniente","MODERNO","PLATA",1.87252164654571
"352","AGUA SIN GAS","AGUA SIN GAS","VDM Poniente","MODERNO","PLATA",1.93221066484955
"353","NARANJADAS Y BEBIDAS","SABORES","VDM Poniente","MODERNO","PLATA",2.05298327995968
"354","AGUA CON GAS","GARRAFON","VDM Poniente","ON PREMISE","BRONCE",0
"355","COLAS","GARRAFON","VDM Poniente","ON PREMISE","BRONCE",0.586810087316282
"356","LÁCTEOS","SABORES","VDM Poniente","ON PREMISE","BRONCE",0.876464931599558
"357","NARANJADAS Y BEBIDAS","LÁCTEOS","VDM Poniente","ON PREMISE","BRONCE",0.893899388642967
"358","LÁCTEOS","NARANJADAS Y BEBIDAS","VDM Poniente","ON PREMISE","BRONCE",0.893899388642967
"359","AGUA CON GAS","LÁCTEOS","VDM Poniente","ON PREMISE","BRONCE",1.04837674743877
"360","COLAS","SABORES","VDM Poniente","ON PREMISE","BRONCE",1.05952823412405
"361","AGUA SIN GAS","SABORES","VDM Poniente","ON PREMISE","BRONCE",1.06554462118592
"362","COLAS","NARANJADAS Y BEBIDAS","VDM Poniente","ON PREMISE","BRONCE",1.0981096314326
"363","GARRAFON","SABORES","VDM Poniente","ON PREMISE","BRONCE",1.13199801767566
"364","AGUA CON GAS","AGUA SIN GAS","VDM Poniente","ON PREMISE","BRONCE",1.13654474190385
"365","COLAS","LÁCTEOS","VDM Poniente","ON PREMISE","BRONCE",1.17926893607785
"366","COLAS","COLAS","VDM Poniente","ON PREMISE","BRONCE",1.24170743524571
"367","AGUA SIN GAS","NARANJADAS Y BEBIDAS","VDM Poniente","ON PREMISE","BRONCE",1.25231325555582
"368","AGUA CON GAS","NARANJADAS Y BEBIDAS","VDM Poniente","ON PREMISE","BRONCE",1.30594449537906
"369","NARANJADAS Y BEBIDAS","AGUA CON GAS","VDM Poniente","ON PREMISE","BRONCE",1.30594449537906
"370","COLAS","AGUA SIN GAS","VDM Poniente","ON PREMISE","BRONCE",1.41245699031612
"371","AGUA SIN GAS","COLAS","VDM Poniente","ON PREMISE","BRONCE",1.41245699031612
"372","SABORES","SABORES","VDM Poniente","ON PREMISE","BRONCE",1.45665641592844
"373","AGUA SIN GAS","GARRAFON","VDM Poniente","ON PREMISE","BRONCE",1.45883008825654
"374","COLAS","AGUA CON GAS","VDM Poniente","ON PREMISE","BRONCE",1.47484857702204
"375","AGUA CON GAS","COLAS","VDM Poniente","ON PREMISE","BRONCE",1.47484857702204
"376","AGUA SIN GAS","LÁCTEOS","VDM Poniente","ON PREMISE","BRONCE",1.4766874729744
"377","NARANJADAS Y BEBIDAS","NARANJADAS Y BEBIDAS","VDM Poniente","ON PREMISE","BRONCE",1.52615268301403
"378","SABORES","NARANJADAS Y BEBIDAS","VDM Poniente","ON PREMISE","BRONCE",1.71786004367664
"379","NARANJADAS Y BEBIDAS","SABORES","VDM Poniente","ON PREMISE","BRONCE",1.71786004367664
"380","SABORES","AGUA CON GAS","VDM Poniente","ON PREMISE","BRONCE",1.73793526386105
"381","AGUA CON GAS","SABORES","VDM Poniente","ON PREMISE","BRONCE",1.73793526386105
"382","AGUA SIN GAS","AGUA SIN GAS","VDM Poniente","ON PREMISE","BRONCE",3.77685823377518
"383","AGUA ADICIONADA","AGUA CON GAS","VDM Poniente","ON PREMISE","CUSTOMIZADO",0.298639744126686
"384","AGUA SIN GAS","AGUA SIN GAS","VDM Poniente","ON PREMISE","CUSTOMIZADO",0.312119667555131
"385","AGUA CON GAS","TÉ","VDM Poniente","ON PREMISE","CUSTOMIZADO",0.667881614950395
"386","AGUA SIN GAS","AGUA CON GAS","VDM Poniente","ON PREMISE","CUSTOMIZADO",0.773191961835425
"387","AGUA CON GAS","AGUA SIN GAS","VDM Poniente","ON PREMISE","CUSTOMIZADO",0.773191961835425
"388","AGUA CON GAS","SABORES","VDM Poniente","ON PREMISE","CUSTOMIZADO",0.855703727523797
"389","AGUA CON GAS","COLAS","VDM Poniente","ON PREMISE","CUSTOMIZADO",0.875699924481362
"390","COLAS","COLAS","VDM Poniente","ON PREMISE","CUSTOMIZADO",0.946046874747592
"391","AGUA SIN GAS","COLAS","VDM Poniente","ON PREMISE","CUSTOMIZADO",1.12320108067794
"392","COLAS","SABORES","VDM Poniente","ON PREMISE","CUSTOMIZADO",1.37180072519301
"393","AGUA ADICIONADA","COLAS","VDM Poniente","ON PREMISE","CUSTOMIZADO",1.43393488240865
"394","COLAS","TÉ","VDM Poniente","ON PREMISE","CUSTOMIZADO",1.50733738956402
"395","AGUA SIN GAS","SABORES","VDM Poniente","ON PREMISE","CUSTOMIZADO",1.8173142526346
"396","AGUA SIN GAS","TÉ","VDM Poniente","ON PREMISE","CUSTOMIZADO",1.89749557623328
"397","SABORES","SABORES","VDM Poniente","ON PREMISE","CUSTOMIZADO",1.92780360685861
"398","AGUA CON GAS","AGUA CON GAS","VDM Poniente","ON PREMISE","CUSTOMIZADO",2.56072395890733
"399","SABORES","TÉ","VDM Poniente","ON PREMISE","CUSTOMIZADO",2.84566195862613
"400","AGUA ADICIONADA","AGUA SIN GAS","VDM Poniente","ON PREMISE","CUSTOMIZADO",3.0487181182519
"401","AGUA SIN GAS","AGUA ADICIONADA","VDM Poniente","ON PREMISE","CUSTOMIZADO",3.0487181182519
"402","AGUA ADICIONADA","SABORES","VDM Poniente","ON PREMISE","CUSTOMIZADO",3.3897898766957
"403","AGUA ADICIONADA","TÉ","VDM Poniente","ON PREMISE","CUSTOMIZADO",4.11877659824552
"404","AGUA ADICIONADA","AGUA ADICIONADA","VDM Poniente","ON PREMISE","CUSTOMIZADO",6.10468048641526
"405","ISOTÓNICO E HIDROTON","NARANJADAS Y BEBIDAS","VDM Poniente","ON PREMISE","ORO",0.147581761160602
"406","AGUA CON GAS","ISOTÓNICO E HIDROTON","VDM Poniente","ON PREMISE","ORO",0.169259121459172
"407","COLAS","NARANJADAS Y BEBIDAS","VDM Poniente","ON PREMISE","ORO",0.730595851345541
"408","NARANJADAS Y BEBIDAS","COLAS","VDM Poniente","ON PREMISE","ORO",0.730595851345541
"409","AGUA CON GAS","COLAS","VDM Poniente","ON PREMISE","ORO",0.78622832183002
"410","AGUA SIN GAS","AGUA CON GAS","VDM Poniente","ON PREMISE","ORO",0.892673243255375
"411","AGUA CON GAS","AGUA SIN GAS","VDM Poniente","ON PREMISE","ORO",0.892673243255375
"412","AGUA SIN GAS","NARANJADAS Y BEBIDAS","VDM Poniente","ON PREMISE","ORO",1.01218116344687
"413","SABORES","SABORES","VDM Poniente","ON PREMISE","ORO",1.09662498154071
"414","AGUA SIN GAS","COLAS","VDM Poniente","ON PREMISE","ORO",1.22197177663356
"415","COLAS","COLAS","VDM Poniente","ON PREMISE","ORO",1.26716241321236
"416","COLAS","SABORES","VDM Poniente","ON PREMISE","ORO",1.30797252499266
"417","AGUA SIN GAS","SABORES","VDM Poniente","ON PREMISE","ORO",1.37142910255072
"418","AGUA SIN GAS","AGUA SIN GAS","VDM Poniente","ON PREMISE","ORO",1.52144358484955
"419","COLAS","ISOTÓNICO E HIDROTON","VDM Poniente","ON PREMISE","ORO",1.5595156077402
"420","AGUA SIN GAS","ISOTÓNICO E HIDROTON","VDM Poniente","ON PREMISE","ORO",1.58408860542281
"421","SABORES","ISOTÓNICO E HIDROTON","VDM Poniente","ON PREMISE","ORO",1.63612126207659
"422","ISOTÓNICO E HIDROTON","SABORES","VDM Poniente","ON PREMISE","ORO",1.63612126207659
"423","AGUA CON GAS","SABORES","VDM Poniente","ON PREMISE","ORO",1.68658907875324
"424","SABORES","AGUA CON GAS","VDM Poniente","ON PREMISE","ORO",1.68658907875324
"425","NARANJADAS Y BEBIDAS","SABORES","VDM Poniente","ON PREMISE","ORO",1.68771197278427
"426","NARANJADAS Y BEBIDAS","AGUA CON GAS","VDM Poniente","ON PREMISE","ORO",3.01033877517322
"427","AGUA CON GAS","NARANJADAS Y BEBIDAS","VDM Poniente","ON PREMISE","ORO",3.01033877517322
"428","NARANJADAS Y BEBIDAS","NARANJADAS Y BEBIDAS","VDM Poniente","ON PREMISE","ORO",4.15784625812716
"429","AGUA CON GAS","COLAS","VDM Poniente","ON PREMISE","PLATA",0.936920232433996
"430","COLAS","AGUA CON GAS","VDM Poniente","ON PREMISE","PLATA",0.936920232433996
"431","COLAS","SABORES","VDM Poniente","ON PREMISE","PLATA",1.05487963014659
"432","COLAS","NARANJADAS Y BEBIDAS","VDM Poniente","ON PREMISE","PLATA",1.07399183859931
"433","NARANJADAS Y BEBIDAS","COLAS","VDM Poniente","ON PREMISE","PLATA",1.07399183859931
"434","AGUA CON GAS","AGUA SIN GAS","VDM Poniente","ON PREMISE","PLATA",1.09997348408745
"435","AGUA SIN GAS","SABORES","VDM Poniente","ON PREMISE","PLATA",1.22307430413402
"436","AGUA SIN GAS","NARANJADAS Y BEBIDAS","VDM Poniente","ON PREMISE","PLATA",1.29624087792043
"437","NARANJADAS Y BEBIDAS","NARANJADAS Y BEBIDAS","VDM Poniente","ON PREMISE","PLATA",1.34418805433763
"438","SABORES","SABORES","VDM Poniente","ON PREMISE","PLATA",1.34553004171044
"439","AGUA SIN GAS","COLAS","VDM Poniente","ON PREMISE","PLATA",1.38070097871171
"440","AGUA CON GAS","NARANJADAS Y BEBIDAS","VDM Poniente","ON PREMISE","PLATA",1.38168993879219
"441","NARANJADAS Y BEBIDAS","AGUA CON GAS","VDM Poniente","ON PREMISE","PLATA",1.38168993879219
"442","SABORES","AGUA CON GAS","VDM Poniente","ON PREMISE","PLATA",1.46622121472809
"443","AGUA CON GAS","SABORES","VDM Poniente","ON PREMISE","PLATA",1.4662212147281
"444","NARANJADAS Y BEBIDAS","SABORES","VDM Poniente","ON PREMISE","PLATA",1.50481424089266
"445","COLAS","COLAS","VDM Poniente","ON PREMISE","PLATA",1.63969738002613
"446","AGUA SIN GAS","AGUA SIN GAS","VDM Poniente","ON PREMISE","PLATA",2.2372219358178
"447","AGUA CON GAS","AGUA CON GAS","VDM Poniente","OTROS","BRONCE",0
"448","COLAS","SABORES","VDM Poniente","OTROS","BRONCE",0.86734693877551
"449","SABORES","SABORES","VDM Poniente","OTROS","BRONCE",1.03174603174603
"450","COLAS","COLAS","VDM Poniente","OTROS","BRONCE",1.32539682539683
"451","AGUA CON GAS","COLAS","VDM Poniente","OTROS","BRONCE",1.42857142857143
"452","AGUA CON GAS","SABORES","VDM Poniente","OTROS","BRONCE",1.58730158730159
"453","AGUA SIN GAS","JUGOS Y NÉCTARES","VDM Poniente","OTROS","CUSTOMIZADO",0.4
"454","AGUA SIN GAS","NARANJADAS Y BEBIDAS","VDM Poniente","OTROS","CUSTOMIZADO",0.711111111111111
"455","NARANJADAS Y BEBIDAS","SABORES","VDM Poniente","OTROS","CUSTOMIZADO",0.815555555555556
"456","AGUA SIN GAS","SABORES","VDM Poniente","OTROS","CUSTOMIZADO",0.992592592592593
"457","JUGOS Y NÉCTARES","NARANJADAS Y BEBIDAS","VDM Poniente","OTROS","CUSTOMIZADO",1.00666666666667
"458","COLAS","COLAS","VDM Poniente","OTROS","CUSTOMIZADO",1.02962962962963
"459","COLAS","SABORES","VDM Poniente","OTROS","CUSTOMIZADO",1.03217171717172
"460","COLAS","JUGOS Y NÉCTARES","VDM Poniente","OTROS","CUSTOMIZADO",1.09333333333333
"461","AGUA SIN GAS","COLAS","VDM Poniente","OTROS","CUSTOMIZADO",1.12909090909091
"462","COLAS","NARANJADAS Y BEBIDAS","VDM Poniente","OTROS","CUSTOMIZADO",1.18886868686869
"463","SABORES","SABORES","VDM Poniente","OTROS","CUSTOMIZADO",1.27288888888889
"464","NARANJADAS Y BEBIDAS","NARANJADAS Y BEBIDAS","VDM Poniente","OTROS","CUSTOMIZADO",1.6
"465","JUGOS Y NÉCTARES","SABORES","VDM Poniente","OTROS","CUSTOMIZADO",1.78555555555556
"466","JUGOS Y NÉCTARES","JUGOS Y NÉCTARES","VDM Poniente","OTROS","CUSTOMIZADO",2.4
"467","AGUA SIN GAS","AGUA SIN GAS","VDM Poniente","OTROS","CUSTOMIZADO",3.11111111111111
"468","AGUA CON GAS","TÉ","VDM Poniente","OTROS","PLATA",0
"469","AGUA CON GAS","JUGOS Y NÉCTARES","VDM Poniente","OTROS","PLATA",0.8
"470","SABORES","TÉ","VDM Poniente","OTROS","PLATA",0.85
"471","JUGOS Y NÉCTARES","NARANJADAS Y BEBIDAS","VDM Poniente","OTROS","PLATA",0.966666666666667
"472","JUGOS Y NÉCTARES","SABORES","VDM Poniente","OTROS","PLATA",0.97
"473","AGUA CON GAS","AGUA SIN GAS","VDM Poniente","OTROS","PLATA",1
"474","SABORES","SABORES","VDM Poniente","OTROS","PLATA",1.025
"475","NARANJADAS Y BEBIDAS","SABORES","VDM Poniente","OTROS","PLATA",1.18333333333333
"476","AGUA CON GAS","NARANJADAS Y BEBIDAS","VDM Poniente","OTROS","PLATA",1.66666666666667
"477","AGUA CON GAS","SABORES","VDM Poniente","OTROS","PLATA",1.85
"478","TÉ","TÉ","VDM Poniente","OTROS","PLATA",5
"479","ISOTÓNICO E HIDROTON","ISOTÓNICO E HIDROTON","VDM Poniente","OTROS","SIN ASIGNAR",0
"480","AGUA CON GAS","NARANJADAS Y BEBIDAS","VDM Poniente","OTROS","SIN ASIGNAR",3.98005698005698
"481","AGUA SIN GAS","AGUA SIN GAS","VDM Poniente","OTROS","SIN ASIGNAR",5.29166666666667
"482","NARANJADAS Y BEBIDAS","NARANJADAS Y BEBIDAS","VDM Poniente","OTROS","SIN ASIGNAR",5.60826210826211
"483","COLAS","NARANJADAS Y BEBIDAS","VDM Poniente","OTROS","SIN ASIGNAR",6.13667587459744
"484","AGUA CON GAS","COLAS","VDM Poniente","OTROS","SIN ASIGNAR",6.16913738222562
"485","AGUA SIN GAS","NARANJADAS Y BEBIDAS","VDM Poniente","OTROS","SIN ASIGNAR",6.42537986704653
"486","COLAS","COLAS","VDM Poniente","OTROS","SIN ASIGNAR",6.4859030340201
"487","AGUA CON GAS","SABORES","VDM Poniente","OTROS","SIN ASIGNAR",6.51097027972028
"488","ISOTÓNICO E HIDROTON","NARANJADAS Y BEBIDAS","VDM Poniente","OTROS","SIN ASIGNAR",6.66659544159544
"489","NARANJADAS Y BEBIDAS","SABORES","VDM Poniente","OTROS","SIN ASIGNAR",7.07128657825239
"490","AGUA CON GAS","AGUA SIN GAS","VDM Poniente","OTROS","SIN ASIGNAR",7.27604166666667
"491","COLAS","SABORES","VDM Poniente","OTROS","SIN ASIGNAR",7.35023190549795
"492","SABORES","SABORES","VDM Poniente","OTROS","SIN ASIGNAR",7.95180467395852
"493","AGUA SIN GAS","COLAS","VDM Poniente","OTROS","SIN ASIGNAR",8.33681735951957
"494","COLAS","ISOTÓNICO E HIDROTON","VDM Poniente","OTROS","SIN ASIGNAR",8.82099407944996
"495","AGUA SIN GAS","SABORES","VDM Poniente","OTROS","SIN ASIGNAR",8.89412190818441
"496","ISOTÓNICO E HIDROTON","SABORES","VDM Poniente","OTROS","SIN ASIGNAR",9.50896464646465
"497","SABORES","ISOTÓNICO E HIDROTON","VDM Poniente","OTROS","SIN ASIGNAR",9.50896464646465
"498","AGUA CON GAS","ISOTÓNICO E HIDROTON","VDM Poniente","OTROS","SIN ASIGNAR",15.875
"499","AGUA SIN GAS","ISOTÓNICO E HIDROTON","VDM Poniente","OTROS","SIN ASIGNAR",18.5208333333333
"500","COLAS","COLAS","VDM Poniente","PUNTO DE VENTA TRADICIONAL","BRONCE",1.18911962794087
"501","AGUA SIN GAS","COLAS","VDM Poniente","PUNTO DE VENTA TRADICIONAL","BRONCE",1.32547236815679
"502","COLAS","SABORES","VDM Poniente","PUNTO DE VENTA TRADICIONAL","BRONCE",1.39713931228043
"503","COLAS","NARANJADAS Y BEBIDAS","VDM Poniente","PUNTO DE VENTA TRADICIONAL","BRONCE",1.3974260538109
"504","AGUA SIN GAS","SABORES","VDM Poniente","PUNTO DE VENTA TRADICIONAL","BRONCE",1.6336203460007
"505","AGUA SIN GAS","NARANJADAS Y BEBIDAS","VDM Poniente","PUNTO DE VENTA TRADICIONAL","BRONCE",1.63399933360276
"506","AGUA SIN GAS","AGUA SIN GAS","VDM Poniente","PUNTO DE VENTA TRADICIONAL","BRONCE",1.80334223831352
"507","NARANJADAS Y BEBIDAS","SABORES","VDM Poniente","PUNTO DE VENTA TRADICIONAL","BRONCE",1.91760642050799
"508","SABORES","SABORES","VDM Poniente","PUNTO DE VENTA TRADICIONAL","BRONCE",1.93425853133775
"509","NARANJADAS Y BEBIDAS","NARANJADAS Y BEBIDAS","VDM Poniente","PUNTO DE VENTA TRADICIONAL","BRONCE",2.05675780490978
"510","AGUA SIN GAS","NARANJADAS Y BEBIDAS","VDM Poniente","PUNTO DE VENTA TRADICIONAL","CUSTOMIZADO",1.02560431938482
"511","NARANJADAS Y BEBIDAS","SABORES","VDM Poniente","PUNTO DE VENTA TRADICIONAL","CUSTOMIZADO",1.19906911622629
"512","COLAS","NARANJADAS Y BEBIDAS","VDM Poniente","PUNTO DE VENTA TRADICIONAL","CUSTOMIZADO",1.20165802301196
"513","NARANJADAS Y BEBIDAS","COLAS","VDM Poniente","PUNTO DE VENTA TRADICIONAL","CUSTOMIZADO",1.20165802301196
"514","AGUA CON GAS","NARANJADAS Y BEBIDAS","VDM Poniente","PUNTO DE VENTA TRADICIONAL","CUSTOMIZADO",1.22034315933355
"515","COLAS","COLAS","VDM Poniente","PUNTO DE VENTA TRADICIONAL","CUSTOMIZADO",1.24054919978027
"516","AGUA CON GAS","AGUA SIN GAS","VDM Poniente","PUNTO DE VENTA TRADICIONAL","CUSTOMIZADO",1.31799672011565
"517","AGUA CON GAS","COLAS","VDM Poniente","PUNTO DE VENTA TRADICIONAL","CUSTOMIZADO",1.33345106528742
"518","AGUA SIN GAS","COLAS","VDM Poniente","PUNTO DE VENTA TRADICIONAL","CUSTOMIZADO",1.39968663796832
"519","COLAS","SABORES","VDM Poniente","PUNTO DE VENTA TRADICIONAL","CUSTOMIZADO",1.61201751227343
"520","AGUA CON GAS","SABORES","VDM Poniente","PUNTO DE VENTA TRADICIONAL","CUSTOMIZADO",1.90064027663427
"521","AGUA SIN GAS","SABORES","VDM Poniente","PUNTO DE VENTA TRADICIONAL","CUSTOMIZADO",2.01814916815739
"522","AGUA CON GAS","AGUA CON GAS","VDM Poniente","PUNTO DE VENTA TRADICIONAL","CUSTOMIZADO",2.12206880379607
"523","AGUA SIN GAS","AGUA SIN GAS","VDM Poniente","PUNTO DE VENTA TRADICIONAL","CUSTOMIZADO",2.16022970091872
"524","SABORES","SABORES","VDM Poniente","PUNTO DE VENTA TRADICIONAL","CUSTOMIZADO",2.22506875576112
"525","COLAS","COLAS","VDM Poniente","PUNTO DE VENTA TRADICIONAL","ORO",1.00517034896516
"526","COLAS","NARANJADAS Y BEBIDAS","VDM Poniente","PUNTO DE VENTA TRADICIONAL","ORO",1.02622142821823
"527","AGUA SIN GAS","COLAS","VDM Poniente","PUNTO DE VENTA TRADICIONAL","ORO",1.03042419033274
"528","COLAS","AGUA SIN GAS","VDM Poniente","PUNTO DE VENTA TRADICIONAL","ORO",1.03042419033274
"529","COLAS","SABORES","VDM Poniente","PUNTO DE VENTA TRADICIONAL","ORO",1.03642659723399
"530","NARANJADAS Y BEBIDAS","AGUA SIN GAS","VDM Poniente","PUNTO DE VENTA TRADICIONAL","ORO",1.04793038026923
"531","AGUA SIN GAS","NARANJADAS Y BEBIDAS","VDM Poniente","PUNTO DE VENTA TRADICIONAL","ORO",1.04793038026923
"532","NARANJADAS Y BEBIDAS","SABORES","VDM Poniente","PUNTO DE VENTA TRADICIONAL","ORO",1.0494876879161
"533","AGUA SIN GAS","SABORES","VDM Poniente","PUNTO DE VENTA TRADICIONAL","ORO",1.05722158902855
"534","SABORES","SABORES","VDM Poniente","PUNTO DE VENTA TRADICIONAL","ORO",1.058335697287
"535","NARANJADAS Y BEBIDAS","NARANJADAS Y BEBIDAS","VDM Poniente","PUNTO DE VENTA TRADICIONAL","ORO",1.08865482286987
"536","AGUA SIN GAS","AGUA SIN GAS","VDM Poniente","PUNTO DE VENTA TRADICIONAL","ORO",1.28090260403978
"537","COLAS","COLAS","VDM Poniente","PUNTO DE VENTA TRADICIONAL","PLATA",1.02538436945062
"538","AGUA SIN GAS","COLAS","VDM Poniente","PUNTO DE VENTA TRADICIONAL","PLATA",1.1102730744224
"539","COLAS","NARANJADAS Y BEBIDAS","VDM Poniente","PUNTO DE VENTA TRADICIONAL","PLATA",1.11527773889451
"540","COLAS","SABORES","VDM Poniente","PUNTO DE VENTA TRADICIONAL","PLATA",1.11881340219975
"541","NARANJADAS Y BEBIDAS","AGUA SIN GAS","VDM Poniente","PUNTO DE VENTA TRADICIONAL","PLATA",1.2350396698265
"542","AGUA SIN GAS","NARANJADAS Y BEBIDAS","VDM Poniente","PUNTO DE VENTA TRADICIONAL","PLATA",1.2350396698265
"543","NARANJADAS Y BEBIDAS","SABORES","VDM Poniente","PUNTO DE VENTA TRADICIONAL","PLATA",1.25654647604851
"544","AGUA SIN GAS","SABORES","VDM Poniente","PUNTO DE VENTA TRADICIONAL","PLATA",1.26408485856439
"545","SABORES","SABORES","VDM Poniente","PUNTO DE VENTA TRADICIONAL","PLATA",1.2670543287269
"546","NARANJADAS Y BEBIDAS","NARANJADAS Y BEBIDAS","VDM Poniente","PUNTO DE VENTA TRADICIONAL","PLATA",1.31283479008819
"547","AGUA SIN GAS","AGUA SIN GAS","VDM Poniente","PUNTO DE VENTA TRADICIONAL","PLATA",1.7706520668295
